Code,Length,URL
200[0m,2469[0m,https://tga-new-collect.racoondigi.cn/[0m
404[0m,2469[0m,https://tga-new-collect.racoondigi.cn/$[0m
404[0m,2469[0m,https://tga-new-collect.racoondigi.cn/$1[0m
404[0m,2469[0m,https://tga-new-collect.racoondigi.cn/*[0m
404[0m,2469[0m,https://tga-new-collect.racoondigi.cn/*[name()='[0m
404[0m,2469[0m,https://tga-new-collect.racoondigi.cn/-1[0m
200[0m,2469[0m,https://tga-new-collect.racoondigi.cn/./[0m
404[0m,2469[0m,https://tga-new-collect.racoondigi.cn/1[0m
404[0m,2469[0m,https://tga-new-collect.racoondigi.cn/3[0m
404[0m,2469[0m,https://tga-new-collect.racoondigi.cn/412[0m
404[0m,2469[0m,https://tga-new-collect.racoondigi.cn/416[0m
404[0m,2469[0m,https://tga-new-collect.racoondigi.cn/417[0m
404[0m,2469[0m,https://tga-new-collect.racoondigi.cn/419[0m
404[0m,2469[0m,https://tga-new-collect.racoondigi.cn/8[0m
404[0m,2469[0m,https://tga-new-collect.racoondigi.cn/>[0m
404[0m,2469[0m,https://tga-new-collect.racoondigi.cn/@@CANCEL_EFFECTS[0m
404[0m,2469[0m,https://tga-new-collect.racoondigi.cn/__serverLoader?route=[0m
404[0m,2469[0m,https://tga-new-collect.racoondigi.cn/a/b[0m
404[0m,2469[0m,https://tga-new-collect.racoondigi.cn/a/i[0m
404[0m,2469[0m,https://tga-new-collect.racoondigi.cn/accounts/auth_login/qr?goto=[0m
404[0m,2469[0m,https://tga-new-collect.racoondigi.cn/alert[0m
404[0m,2469[0m,https://tga-new-collect.racoondigi.cn/asyncTaskList[0m
404[0m,2469[0m,https://tga-new-collect.racoondigi.cn/auth/manage[0m
404[0m,2469[0m,https://tga-new-collect.racoondigi.cn/auth/manage/task[0m
404[0m,2469[0m,https://tga-new-collect.racoondigi.cn/auto/config[0m
404[0m,2469[0m,https://tga-new-collect.racoondigi.cn/bff/v1[0m
502[0m,157[0m,https://tga-new-collect.racoondigi.cn/bff/v1/ta[0m
502[0m,157[0m,https://tga-new-collect.racoondigi.cn/bff/v1/ta-websocket/query?token=[0m
502[0m,157[0m,https://tga-new-collect.racoondigi.cn/bff/v1/ta/taIde[0m
404[0m,2469[0m,https://tga-new-collect.racoondigi.cn/cancelTask[0m
404[0m,2469[0m,https://tga-new-collect.racoondigi.cn/check[0m
404[0m,2469[0m,https://tga-new-collect.racoondigi.cn/checkMetaBasicInfo[0m
404[0m,2469[0m,https://tga-new-collect.racoondigi.cn/checkUserProjectInfo[0m
404[0m,2469[0m,https://tga-new-collect.racoondigi.cn/checkUsername[0m
404[0m,2469[0m,https://tga-new-collect.racoondigi.cn/createCompany[0m
404[0m,2469[0m,https://tga-new-collect.racoondigi.cn/daily/retrySendReport[0m
404[0m,2469[0m,https://tga-new-collect.racoondigi.cn/dashboard[0m
404[0m,2469[0m,https://tga-new-collect.racoondigi.cn/data[0m
404[0m,2469[0m,https://tga-new-collect.racoondigi.cn/data/access[0m
404[0m,2469[0m,https://tga-new-collect.racoondigi.cn/data/check[0m
404[0m,2469[0m,https://tga-new-collect.racoondigi.cn/data/currency[0m
404[0m,2469[0m,https://tga-new-collect.racoondigi.cn/data/debug[0m
404[0m,2469[0m,https://tga-new-collect.racoondigi.cn/data/dimensionTable[0m
404[0m,2469[0m,https://tga-new-collect.racoondigi.cn/data/eventm[0m
404[0m,2469[0m,https://tga-new-collect.racoondigi.cn/data/integration[0m
404[0m,2469[0m,https://tga-new-collect.racoondigi.cn/data/metric/list[0m
404[0m,2469[0m,https://tga-new-collect.racoondigi.cn/data/plan[0m
404[0m,2469[0m,https://tga-new-collect.racoondigi.cn/data/realtime[0m
404[0m,2469[0m,https://tga-new-collect.racoondigi.cn/data/sourceEvent[0m
404[0m,2469[0m,https://tga-new-collect.racoondigi.cn/data/sourceUser[0m
404[0m,2469[0m,https://tga-new-collect.racoondigi.cn/data/track[0m
404[0m,2469[0m,https://tga-new-collect.racoondigi.cn/data/virtualEvent[0m
404[0m,2469[0m,https://tga-new-collect.racoondigi.cn/data/virtualProp[0m
404[0m,2469[0m,https://tga-new-collect.racoondigi.cn/datetag[0m
404[0m,2469[0m,https://tga-new-collect.racoondigi.cn/delete[0m
404[0m,2469[0m,https://tga-new-collect.racoondigi.cn/demo/index.html?id=[0m
200[0m,1024876[0m,https://tga-new-collect.racoondigi.cn/echarts.min_20231018.js[0m
404[0m,2469[0m,https://tga-new-collect.racoondigi.cn/editAlertStatus[0m
404[0m,2469[0m,https://tga-new-collect.racoondigi.cn/editpswd[0m
404[0m,2469[0m,https://tga-new-collect.racoondigi.cn/en[0m
404[0m,2469[0m,https://tga-new-collect.racoondigi.cn/ensureLicenseInfo[0m
404[0m,2469[0m,https://tga-new-collect.racoondigi.cn/event[0m
404[0m,2469[0m,https://tga-new-collect.racoondigi.cn/eventsearch[0m
200[0m,16958[0m,https://tga-new-collect.racoondigi.cn/favicon.ico[0m
404[0m,2469[0m,"https://tga-new-collect.racoondigi.cn/g,[0m"
404[0m,2469[0m,"https://tga-new-collect.racoondigi.cn/g,'[0m"
404[0m,2469[0m,"https://tga-new-collect.racoondigi.cn/g,'\\[0m"
404[0m,2469[0m,"https://tga-new-collect.racoondigi.cn/g,s=r([0m"
404[0m,2469[0m,https://tga-new-collect.racoondigi.cn/getCompanyConfigList[0m
404[0m,2469[0m,https://tga-new-collect.racoondigi.cn/getUserAutoConfig[0m
404[0m,2469[0m,https://tga-new-collect.racoondigi.cn/group/groupdetail[0m
404[0m,2469[0m,https://tga-new-collect.racoondigi.cn/group/groupid[0m
404[0m,2469[0m,https://tga-new-collect.racoondigi.cn/group/groupset[0m
404[0m,2469[0m,https://tga-new-collect.racoondigi.cn/group/userGroup[0m
404[0m,2469[0m,https://tga-new-collect.racoondigi.cn/group/userGroup/all[0m
404[0m,2469[0m,https://tga-new-collect.racoondigi.cn/hermes/*[0m
404[0m,2469[0m,https://tga-new-collect.racoondigi.cn/hermes/activity[0m
404[0m,2469[0m,https://tga-new-collect.racoondigi.cn/hermes/activity/analyze[0m
404[0m,2469[0m,https://tga-new-collect.racoondigi.cn/hermes/activity/detail[0m
404[0m,2469[0m,https://tga-new-collect.racoondigi.cn/hermes/activity/list[0m
404[0m,2469[0m,https://tga-new-collect.racoondigi.cn/hermes/activity/theme[0m
404[0m,2469[0m,https://tga-new-collect.racoondigi.cn/hermes/setting/apply[0m
404[0m,2469[0m,https://tga-new-collect.racoondigi.cn/hermes/setting/channel[0m
404[0m,2469[0m,https://tga-new-collect.racoondigi.cn/hermes/setting/event[0m
404[0m,2469[0m,https://tga-new-collect.racoondigi.cn/hermes/setting/limit[0m
404[0m,2469[0m,https://tga-new-collect.racoondigi.cn/hermes/setting/local[0m
404[0m,2469[0m,https://tga-new-collect.racoondigi.cn/hermes/setting/white[0m
404[0m,2469[0m,https://tga-new-collect.racoondigi.cn/hermes/task[0m
404[0m,2469[0m,https://tga-new-collect.racoondigi.cn/hermes/task/create[0m
404[0m,2469[0m,https://tga-new-collect.racoondigi.cn/hermes/task/detail[0m
404[0m,2469[0m,https://tga-new-collect.racoondigi.cn/hermes/task/list[0m
404[0m,2469[0m,https://tga-new-collect.racoondigi.cn/hermes/workbench[0m
404[0m,2469[0m,https://tga-new-collect.racoondigi.cn/hermessequence/sequence[0m
404[0m,2469[0m,https://tga-new-collect.racoondigi.cn/hermessequencedetail/sequencedetail[0m
404[0m,2469[0m,https://tga-new-collect.racoondigi.cn/instantiate-scene[0m
200[0m,571[0m,https://tga-new-collect.racoondigi.cn/intl/intl.js[0m
404[0m,2469[0m,https://tga-new-collect.racoondigi.cn/ja[0m
404[0m,2469[0m,https://tga-new-collect.racoondigi.cn/listAuthMsg[0m
404[0m,2469[0m,https://tga-new-collect.racoondigi.cn/listMarkTime[0m
404[0m,2469[0m,https://tga-new-collect.racoondigi.cn/loadLicenseInfo[0m
404[0m,2469[0m,https://tga-new-collect.racoondigi.cn/loadUserProps[0m
200[0m,73015[0m,https://tga-new-collect.racoondigi.cn/lodash.min.js[0m
404[0m,2469[0m,https://tga-new-collect.racoondigi.cn/loginForToken[0m
404[0m,2469[0m,https://tga-new-collect.racoondigi.cn/logout[0m
404[0m,2469[0m,https://tga-new-collect.racoondigi.cn/member/auth[0m
404[0m,2469[0m,https://tga-new-collect.racoondigi.cn/member/monitor/alarm[0m
404[0m,2469[0m,https://tga-new-collect.racoondigi.cn/meta[0m
404[0m,2469[0m,https://tga-new-collect.racoondigi.cn/meta/upload/trigger[0m
200[0m,1185[0m,https://tga-new-collect.racoondigi.cn/micros/hermes/[0m
200[0m,1416[0m,https://tga-new-collect.racoondigi.cn/micros/ta/[0m
200[0m,1208[0m,https://tga-new-collect.racoondigi.cn/micros/va/[0m
404[0m,2469[0m,https://tga-new-collect.racoondigi.cn/model/meta/loadPropSymbols[0m
200[0m,42484[0m,https://tga-new-collect.racoondigi.cn/moment-timezone-with-data.min.js[0m
200[0m,369176[0m,https://tga-new-collect.racoondigi.cn/moment-with-locales.min.js[0m
404[0m,2469[0m,https://tga-new-collect.racoondigi.cn/msg[0m
[0m,-,sending request for url (https://tga-new-collect.racoondigi.cn/oauth): error trying to connect: tcp connect error: Operation timed out (os error 60)[0m
200[0m,2105[0m,https://tga-new-collect.racoondigi.cn/oauth/#/login[0m
404[0m,2469[0m,https://tga-new-collect.racoondigi.cn/panel/panel[0m
404[0m,2469[0m,https://tga-new-collect.racoondigi.cn/panel/panel/[0m
404[0m,2469[0m,https://tga-new-collect.racoondigi.cn/panel/panel/-1[0m
404[0m,2469[0m,https://tga-new-collect.racoondigi.cn/pattern[0m
404[0m,2469[0m,https://tga-new-collect.racoondigi.cn/project/config[0m
404[0m,2469[0m,https://tga-new-collect.racoondigi.cn/project/config/access[0m
404[0m,2469[0m,https://tga-new-collect.racoondigi.cn/project/config/entity[0m
404[0m,2469[0m,https://tga-new-collect.racoondigi.cn/project/config/timezone[0m
404[0m,2469[0m,https://tga-new-collect.racoondigi.cn/project/data[0m
404[0m,2469[0m,https://tga-new-collect.racoondigi.cn/project/member[0m
404[0m,2469[0m,https://tga-new-collect.racoondigi.cn/project/member?tab=group[0m
404[0m,2469[0m,https://tga-new-collect.racoondigi.cn/project/pack[0m
404[0m,2469[0m,https://tga-new-collect.racoondigi.cn/project/role[0m
404[0m,2469[0m,https://tga-new-collect.racoondigi.cn/projectAccSummary[0m
404[0m,2469[0m,https://tga-new-collect.racoondigi.cn/projectMilestone/markTime[0m
404[0m,2469[0m,https://tga-new-collect.racoondigi.cn/projectconfig[0m
404[0m,2469[0m,https://tga-new-collect.racoondigi.cn/readyNotice[0m
404[0m,2469[0m,https://tga-new-collect.racoondigi.cn/recentViewed[0m
404[0m,2469[0m,https://tga-new-collect.racoondigi.cn/reports[0m
404[0m,2469[0m,https://tga-new-collect.racoondigi.cn/res[0m
404[0m,2469[0m,https://tga-new-collect.racoondigi.cn/role/getRoleFuncListByRoleName[0m
404[0m,2469[0m,https://tga-new-collect.racoondigi.cn/role/listFuncsByRoleNames[0m
404[0m,2469[0m,https://tga-new-collect.racoondigi.cn/save[0m
404[0m,2469[0m,https://tga-new-collect.racoondigi.cn/saveUserAutoConfig[0m
404[0m,2469[0m,https://tga-new-collect.racoondigi.cn/scene[0m
404[0m,2469[0m,https://tga-new-collect.racoondigi.cn/search[0m
404[0m,2469[0m,https://tga-new-collect.racoondigi.cn/sentry[0m
404[0m,2469[0m,https://tga-new-collect.racoondigi.cn/sequence/event[0m
404[0m,2469[0m,https://tga-new-collect.racoondigi.cn/sequence/sequence[0m
404[0m,2469[0m,https://tga-new-collect.racoondigi.cn/sequencedetail/sequencedetail[0m
404[0m,2469[0m,https://tga-new-collect.racoondigi.cn/setAllAuthMsgRead[0m
404[0m,2469[0m,https://tga-new-collect.racoondigi.cn/setAuthMsgRead[0m
404[0m,2469[0m,https://tga-new-collect.racoondigi.cn/software/config[0m
404[0m,2469[0m,https://tga-new-collect.racoondigi.cn/softwareConfigGet[0m
404[0m,2469[0m,https://tga-new-collect.racoondigi.cn/softwareConfigsGet[0m
404[0m,2469[0m,https://tga-new-collect.racoondigi.cn/source/alert[0m
404[0m,2469[0m,https://tga-new-collect.racoondigi.cn/status[0m
404[0m,2469[0m,https://tga-new-collect.racoondigi.cn/suite/passport/sso/qr?goto=[0m
404[0m,2469[0m,https://tga-new-collect.racoondigi.cn/sync_js[0m
404[0m,2469[0m,https://tga-new-collect.racoondigi.cn/system/config[0m
404[0m,2469[0m,https://tga-new-collect.racoondigi.cn/system/config?tab=dataAddress[0m
404[0m,2469[0m,https://tga-new-collect.racoondigi.cn/system/config?tab=third[0m
404[0m,2469[0m,https://tga-new-collect.racoondigi.cn/system/dosage/concept[0m
404[0m,2469[0m,https://tga-new-collect.racoondigi.cn/system/dosage/project[0m
404[0m,2469[0m,https://tga-new-collect.racoondigi.cn/system/monitor/oversee[0m
404[0m,2469[0m,https://tga-new-collect.racoondigi.cn/system/monitor/query[0m
404[0m,2469[0m,https://tga-new-collect.racoondigi.cn/system/monitor/query?tab=logs[0m
404[0m,2469[0m,https://tga-new-collect.racoondigi.cn/system/permission[0m
404[0m,2469[0m,https://tga-new-collect.racoondigi.cn/system/permission/member[0m
404[0m,2469[0m,https://tga-new-collect.racoondigi.cn/system/permission/role[0m
404[0m,2469[0m,https://tga-new-collect.racoondigi.cn/system/permission/role/role[0m
404[0m,2469[0m,https://tga-new-collect.racoondigi.cn/system/permission/systemAdmin[0m
404[0m,2469[0m,https://tga-new-collect.racoondigi.cn/system/safe-center[0m
404[0m,2469[0m,https://tga-new-collect.racoondigi.cn/system/safe-center?tab=passwordManagement[0m
404[0m,2469[0m,https://tga-new-collect.racoondigi.cn/system/safe-center?tab=waterMarket[0m
404[0m,2469[0m,https://tga-new-collect.racoondigi.cn/ta-manual/[0m
404[0m,2469[0m,https://tga-new-collect.racoondigi.cn/tag/tag[0m
404[0m,2469[0m,https://tga-new-collect.racoondigi.cn/tag/tag/1[0m
404[0m,2469[0m,https://tga-new-collect.racoondigi.cn/tag/tagassign[0m
404[0m,2469[0m,https://tga-new-collect.racoondigi.cn/tag/tagfl[0m
404[0m,2469[0m,https://tga-new-collect.racoondigi.cn/tag/tagid[0m
404[0m,2469[0m,https://tga-new-collect.racoondigi.cn/tag/tagset[0m
404[0m,2469[0m,https://tga-new-collect.racoondigi.cn/tga/attribution[0m
404[0m,2469[0m,https://tga-new-collect.racoondigi.cn/tga/event[0m
404[0m,2469[0m,https://tga-new-collect.racoondigi.cn/tga/funnel[0m
404[0m,2469[0m,https://tga-new-collect.racoondigi.cn/tga/ide[0m
404[0m,2469[0m,https://tga-new-collect.racoondigi.cn/tga/ide/[0m
404[0m,2469[0m,https://tga-new-collect.racoondigi.cn/tga/interval[0m
404[0m,2469[0m,https://tga-new-collect.racoondigi.cn/tga/property[0m
404[0m,2469[0m,https://tga-new-collect.racoondigi.cn/tga/retention[0m
404[0m,2469[0m,https://tga-new-collect.racoondigi.cn/tga/scatter[0m
404[0m,2469[0m,https://tga-new-collect.racoondigi.cn/tga/trace[0m
200[0m,675[0m,https://tga-new-collect.racoondigi.cn/third/dingtalk.js[0m
200[0m,1828[0m,https://tga-new-collect.racoondigi.cn/third/lark.js[0m
200[0m,728[0m,https://tga-new-collect.racoondigi.cn/third/wecom.js[0m
404[0m,2469[0m,https://tga-new-collect.racoondigi.cn/tiki[0m
404[0m,2469[0m,https://tga-new-collect.racoondigi.cn/tmp[0m
200[0m,3755884[0m,https://tga-new-collect.racoondigi.cn/umi.23a99933.js[0m
404[0m,2469[0m,https://tga-new-collect.racoondigi.cn/user[0m
404[0m,2469[0m,https://tga-new-collect.racoondigi.cn/user/account[0m
404[0m,2469[0m,https://tga-new-collect.racoondigi.cn/user/favorite/project[0m
404[0m,2469[0m,https://tga-new-collect.racoondigi.cn/userSearch/search[0m
404[0m,2469[0m,https://tga-new-collect.racoondigi.cn/v1[0m
401[0m,87[0m,https://tga-new-collect.racoondigi.cn/v1/ta[0m
500[0m,113[0m,https://tga-new-collect.racoondigi.cn/v1/ta-websocket/query/[0m
200[0m,152[0m,https://tga-new-collect.racoondigi.cn/v1/ta/default/locale[0m
401[0m,107[0m,https://tga-new-collect.racoondigi.cn/v1/ta/frontCache/setCache[0m
401[0m,93[0m,https://tga-new-collect.racoondigi.cn/v1/ta/taIde[0m
404[0m,2469[0m,https://tga-new-collect.racoondigi.cn/va/*[0m
404[0m,2469[0m,https://tga-new-collect.racoondigi.cn/va/va[0m
404[0m,2469[0m,https://tga-new-collect.racoondigi.cn/va/va/-1[0m
404[0m,2469[0m,https://tga-new-collect.racoondigi.cn/version[0m
,,
Â∫èÂè∑,Á±ªÂûã,ÂÄº
1,AK/SK,key = getDerivedStateFromProps
2,AK/SK,key = preprocessFieldsInfo
3,AK/SK,key = initObjectModeParse
4,AK/SK,key = throughTransform
5,AK/SK,key = registerRunningApp
6,AK/SK,key = componentDidMount
7,AK/SK,key = componentWillUnmount
8,AK/SK,key = getDerivedStateFromProps
9,AK/SK,key = componentDidMount
10,AK/SK,key = componentDidUpdate
11,AK/SK,key = componentWillUnmount
12,AK/SK,key = restartCloseTimer
13,AK/SK,key = getTransitionName
14,AK/SK,key = formatHTMLMessage
15,AK/SK,key = getLocaleFromCookie
16,AK/SK,key = getLocaleFromLocalStorage
17,AK/SK,key = getLocaleFromURL
18,AK/SK,key = getDescendantProp
19,AK/SK,key = getLocaleFromBrowser
20,AK/SK,key = dealRequestInterceptors
21,AK/SK,key = patchClientRoutes
22,AK/SK,key = modifyContextOpts
23,AK/SK,key = modifyClientRenderOpts
